model,fold,train_mape_pct,test_mape_pct
Ridge,1,18.18568164564963,24.189629488071585
Ridge,2,17.930407568278806,23.127635229516706
Ridge,3,18.360616124841723,17.789323309538137
Ridge,4,19.004300563060415,19.482880403078454
Ridge,5,16.620811775064023,20.884292614976488
Random forest,1,13.623633872702005,17.461401179022605
Random forest,2,12.696189771541386,19.664399629980593
Random forest,3,13.820724137211188,11.931499953318674
Random forest,4,13.939510279327857,24.12413046927121
Random forest,5,12.99412232005597,21.584950350191523
Gradient boosting,1,11.16993597112102,17.88426284165536
Gradient boosting,2,11.601231639693294,20.430694298393316
Gradient boosting,3,10.55157732138799,14.488466738648778
Gradient boosting,4,11.329721045745568,17.880637339715015
Gradient boosting,5,10.962779653101745,16.445519589730125
