property_id,address,suburb,property_type_listed,bedrooms,bathrooms,car_spaces,listed_area_sqm,sale_date,sale_price_aud,listing_url,results_page_url,predicted_aud,error_aud,abs_error_aud,ape_pct
S001,"52 Balmoral Street, Blacktown",Blacktown,House,4,1,1.0,696.77,2026-09-08,1300000,https://www.realestate.com.au/sold/property-house-nsw-blacktown-149983288,"https://www.realestate.com.au/sold/in-blacktown,+nsw+2148/list-2",1194938.2077854397,-105061.79221456032,105061.79221456032,8.081676324196948
S002,"9 Kirkman Road, Blacktown",Blacktown,House,4,1,2.0,638.0,2026-09-03,1070000,https://www.realestate.com.au/sold/property-house-nsw-blacktown-152024064,"https://www.realestate.com.au/sold/in-blacktown,+nsw+2148/list-2",1135131.454906451,65131.45490645105,65131.45490645105,6.087051860415986
S003,"17 Carinya Street, Blacktown",Blacktown,House,3,1,1.0,1182.4,2026-09-01,1600000,https://www.realestate.com.au/sold/property-house-nsw-blacktown-151555988,"https://www.realestate.com.au/sold/in-blacktown,+nsw+2148/list-2",1128835.1077082248,-471164.8922917752,471164.8922917752,29.44780576823595
S004,"2002/1 Boys Avenue, Blacktown",Blacktown,Apartment,2,2,1.0,,2026-08-28,540000,https://www.realestate.com.au/sold/property-apartment-nsw-blacktown-152056140,"https://www.realestate.com.au/sold/in-blacktown,+nsw+2148/list-2",484429.7004637902,-55570.299536209786,55570.299536209786,10.29079621040922
S005,"19 Stephen Street, Blacktown",Blacktown,House,3,1,1.0,575.4,2026-08-26,1062500,https://www.realestate.com.au/sold/property-house-nsw-blacktown-152017640,"https://www.realestate.com.au/sold/in-blacktown,+nsw+2148/list-2",1031726.9780661149,-30773.02193388506,30773.02193388506,2.896284417306829
S006,"7/45 Lyton Street, Blacktown",Blacktown,Townhouse,2,2,1.0,,2026-08-25,805000,https://www.realestate.com.au/sold/property-townhouse-nsw-blacktown-151629928,"https://www.realestate.com.au/sold/in-blacktown,+nsw+2148/list-2",564016.0943694836,-240983.90563051635,240983.90563051635,29.935888898200787
S007,"36 Bedford Road, Blacktown",Blacktown,House,3,2,4.0,651.0,2026-08-24,1007500,https://www.realestate.com.au/sold/property-house-nsw-blacktown-151912132,"https://www.realestate.com.au/sold/in-blacktown,+nsw+2148/list-2",1335487.5496910224,327987.5496910224,327987.5496910224,32.554595502831006
S008,"13 Lancaster Street, Blacktown",Blacktown,House,7,4,6.0,739.8,2026-08-22,1900000,https://www.realestate.com.au/sold/property-house-nsw-blacktown-151888376,"https://www.realestate.com.au/sold/in-blacktown,+nsw+2148/list-2",1702776.4597065973,-197223.54029340274,197223.54029340274,10.380186331231723
S009,"79/21-29 Third Avenue, Blacktown",Blacktown,Unit,2,2,1.0,122.0,2026-08-21,435000,https://www.realestate.com.au/sold/property-unit-nsw-blacktown-151691568,"https://www.realestate.com.au/sold/in-blacktown,+nsw+2148/list-2",517362.5765435843,82362.57654358429,82362.57654358429,18.933925642203285
S010,"94 Lancelot Street, Blacktown",Blacktown,House,3,1,1.0,562.7,2026-08-18,950000,https://www.realestate.com.au/sold/property-house-nsw-blacktown-151814988,"https://www.realestate.com.au/sold/in-blacktown,+nsw+2148/list-2",1058848.2604631684,108848.26046316838,108848.26046316838,11.457711627701935
S011,"49/8-18 Wallace Street, Blacktown",Blacktown,Apartment,2,2,3.0,,2026-08-17,465000,https://www.realestate.com.au/sold/property-apartment-nsw-blacktown-151654668,"https://www.realestate.com.au/sold/in-blacktown,+nsw+2148/list-3",686847.4256567545,221847.42565675452,221847.42565675452,47.70912379715151
S012,"2/31 Third Avenue, Blacktown",Blacktown,Unit,1,1,1.0,,2026-08-13,380000,https://www.realestate.com.au/sold/property-unit-nsw-blacktown-151722016,"https://www.realestate.com.au/sold/in-blacktown,+nsw+2148/list-3",389349.15574877727,9349.155748777266,9349.155748777266,2.46030414441507
S013,"12 Glamorgan Street, Blacktown",Blacktown,House,3,1,1.0,556.0,2026-08-11,1030000,https://www.realestate.com.au/sold/property-house-nsw-blacktown-151691880,"https://www.realestate.com.au/sold/in-blacktown,+nsw+2148/list-3",1027029.2884390368,-2970.7115609631874,2970.7115609631874,0.28841859815176574
S014,"9/8-18 Wallace Street, Blacktown",Blacktown,Apartment,2,2,1.0,,2026-08-11,491000,https://www.realestate.com.au/sold/property-apartment-nsw-blacktown-151334872,"https://www.realestate.com.au/sold/in-blacktown,+nsw+2148/list-3",486621.68684182054,-4378.313158179459,4378.313158179459,0.8917134741709691
S015,"57 Walters Road, Blacktown",Blacktown,House,3,1,1.0,835.0,2026-08-08,1221000,https://www.realestate.com.au/sold/property-house-nsw-blacktown-151780948,"https://www.realestate.com.au/sold/in-blacktown,+nsw+2148/list-3",1244230.7608520174,23230.76085201744,23230.76085201744,1.9026012163814447
S016,"12 Siebel Street, Blacktown",Blacktown,House,5,2,1.0,560.0,2026-08-05,1080000,https://www.realestate.com.au/sold/property-house-nsw-blacktown-150980712,"https://www.realestate.com.au/sold/in-blacktown,+nsw+2148/list-3",1140589.7402742407,60589.74027424073,60589.74027424073,5.610161136503772
S017,"61/7 Griffiths Street, Blacktown",Blacktown,Unit,2,1,1.0,84.0,2026-08-05,410000,https://www.realestate.com.au/sold/property-unit-nsw-blacktown-151754320,"https://www.realestate.com.au/sold/in-blacktown,+nsw+2148/list-3",498334.83836078306,88334.83836078306,88334.83836078306,21.54508252702026
S018,"34/25 Mantaka Street, Blacktown",Blacktown,Apartment,2,1,1.0,61.0,2026-08-03,432000,https://www.realestate.com.au/sold/property-apartment-nsw-blacktown-151301160?sourceElement=know_your_market_carousel%3A4&sourcePage=rea%3Abuy%3Asrp,"https://www.realestate.com.au/sold/in-blacktown,+nsw+2148/list-3",501208.4625843449,69208.4625843449,69208.4625843449,16.020477450079838
S019,"68 Eggleton Street, Blacktown",Blacktown,House,3,1,2.0,600.0,2026-07-30,900000,https://www.realestate.com.au/sold/property-house-nsw-blacktown-151309196,"https://www.realestate.com.au/sold/in-blacktown,+nsw+2148/list-3",1072680.7049863194,172680.7049863194,172680.7049863194,19.186744998479934
S020,"1 Tara Road, Blacktown",Blacktown,House,2,1,2.0,308.0,2026-07-29,820000,,"https://www.realestate.com.au/sold/in-blacktown,+nsw+2148/list-3",799969.7522134429,-20030.24778655707,20030.24778655707,2.442713144702082
S021,"46/26 Mantaka Street, Blacktown",Blacktown,Apartment,2,1,1.0,,2026-07-24,422500,https://www.realestate.com.au/sold/property-apartment-nsw-blacktown-151656600,"https://www.realestate.com.au/sold/in-blacktown,+nsw+2148/list-4",477367.8774266192,54867.877426619176,54867.877426619176,12.986479864288562
S022,"8 Prospect Street, Blacktown",Blacktown,House,3,1,1.0,556.4,2026-07-21,1050000,https://www.realestate.com.au/sold/property-house-nsw-blacktown-151556800,"https://www.realestate.com.au/sold/in-blacktown,+nsw+2148/list-4",1028364.9747066434,-21635.025293356623,21635.025293356623,2.0604785993672974
S023,"50/17 Huntley Drive, Blacktown",Blacktown,Townhouse,3,2,1.0,240.0,2026-07-20,830000,https://www.realestate.com.au/sold/property-townhouse-nsw-blacktown-151392360,"https://www.realestate.com.au/sold/in-blacktown,+nsw+2148/list-4",928744.320013276,98744.32001327595,98744.32001327595,11.896906025695897
S024,"4 Starr Place, Blacktown",Blacktown,House,3,1,2.0,,2026-07-18,1200000,https://www.realestate.com.au/sold/property-house-nsw-blacktown-151332392,"https://www.realestate.com.au/sold/in-blacktown,+nsw+2148/list-4",979180.1052688626,-220819.89473113744,220819.89473113744,18.401657894261454
S025,"28 Cavendish Avenue, Blacktown",Blacktown,House,3,2,3.0,556.0,2026-07-17,1110000,,"https://www.realestate.com.au/sold/in-blacktown,+nsw+2148/list-4",1178527.7836283627,68527.7836283627,68527.7836283627,6.173674200753396
S026,"2 Cooper Street, Blacktown",Blacktown,House,3,1,1.0,556.0,2026-07-17,999999,https://www.realestate.com.au/sold/property-house-nsw-blacktown-151295860,"https://www.realestate.com.au/sold/in-blacktown,+nsw+2148/list-4",1058848.2604631684,58849.26046316838,58849.26046316838,5.88493193124877
S027,"52/7 Griffiths Street, Blacktown",Blacktown,Unit,2,1,1.0,,2026-07-16,410000,https://www.realestate.com.au/sold/property-unit-nsw-blacktown-151552744,"https://www.realestate.com.au/sold/in-blacktown,+nsw+2148/list-4",520631.83358793607,110631.83358793607,110631.83358793607,26.983374045838065
S028,"803/5 Second Avenue, Blacktown",Blacktown,Apartment,3,2,2.0,,2026-07-15,590000,https://www.realestate.com.au/sold/property-apartment-nsw-blacktown-150829256,"https://www.realestate.com.au/sold/in-blacktown,+nsw+2148/list-4",735490.3975719168,145490.3975719168,145490.3975719168,24.65938941896895
S029,"39/31 Third Avenue, Blacktown",Blacktown,Unit,2,2,1.0,97.0,2026-07-15,420000,https://www.realestate.com.au/sold/property-unit-nsw-blacktown-151485448,"https://www.realestate.com.au/sold/in-blacktown,+nsw+2148/list-4",468563.6114704043,48563.611470404314,48563.611470404314,11.56276463581055
S030,"9/21-29 Third Avenue, Blacktown",Blacktown,Apartment,2,2,1.0,,2026-07-13,420000,,"https://www.realestate.com.au/sold/in-blacktown,+nsw+2148/list-4",468074.082841961,48074.082841961004,48074.082841961004,11.446210200466906
S031,"12-12a West Street, Blacktown",Blacktown,House,6,3,2.0,556.0,2026-05-02,1750000,https://www.realestate.com.au/sold/property-house-nsw-blacktown-150763328,"https://www.realestate.com.au/sold/in-blacktown,+nsw+2148/list-10",2019478.1789923306,269478.17899233056,269478.17899233056,15.398753085276033
S032,"41 Ironwood Crescent, Blacktown",Blacktown,House,3,2,2.0,,2026-04-30,1013500,https://www.realestate.com.au/sold/property-house-nsw-blacktown-150423248,"https://www.realestate.com.au/sold/in-blacktown,+nsw+2148/list-10",1039185.7474169888,25685.74741698883,25685.74741698883,2.5343608699544973
S033,"18 De Castella Drive, Blacktown",Blacktown,House,4,3,2.0,573.0,2026-04-29,1640000,https://www.realestate.com.au/sold/property-house-nsw-blacktown-150804088,"https://www.realestate.com.au/sold/in-blacktown,+nsw+2148/list-10",2311767.272297744,671767.2722977442,671767.2722977442,40.96141904254537
S034,"16/25-27 Fourth Avenue, Blacktown",Blacktown,Apartment,2,1,1.0,,2026-04-29,455000,https://www.realestate.com.au/sold/property-apartment-nsw-blacktown-150689284,"https://www.realestate.com.au/sold/in-blacktown,+nsw+2148/list-10",509773.8566880004,54773.85668800038,54773.85668800038,12.038210261098984
S035,"G10/43 Devitt Street, Blacktown",Blacktown,Unit,2,2,1.0,,2026-04-24,500000,https://www.realestate.com.au/sold/property-unit-nsw-blacktown-149980392,"https://www.realestate.com.au/sold/in-blacktown,+nsw+2148/list-10",505010.6144984694,5010.6144984693965,5010.6144984693965,1.0021228996938794
S036,"16/5 Mantaka Street, Blacktown",Blacktown,Townhouse,3,1,3.0,259.0,2026-04-20,850000,https://www.realestate.com.au/sold/property-townhouse-nsw-blacktown-150104548,"https://www.realestate.com.au/sold/in-blacktown,+nsw+2148/list-10",1010160.8929170887,160160.8929170887,160160.8929170887,18.84245799024573
S037,"5 Athlone Street, Blacktown",Blacktown,House,3,1,3.0,,2026-04-19,1193500,https://www.realestate.com.au/sold/property-house-nsw-blacktown-150722136,"https://www.realestate.com.au/sold/in-blacktown,+nsw+2148/list-10",983434.2216584971,-210065.77834150288,210065.77834150288,17.600819299665094
S038,"10 Hadrian Avenue, Blacktown",Blacktown,House,3,2,1.0,556.0,2026-04-18,1105000,https://www.realestate.com.au/sold/property-house-nsw-blacktown-150720768,"https://www.realestate.com.au/sold/in-blacktown,+nsw+2148/list-10",1120321.8970323543,15321.89703235426,15321.89703235426,1.386597016502648
S039,"10/41 St Martins Crescent, Blacktown",Blacktown,Townhouse,3,2,2.0,,2026-04-18,881000,https://www.realestate.com.au/sold/property-townhouse-nsw-blacktown-150667608,"https://www.realestate.com.au/sold/in-blacktown,+nsw+2148/list-10",852241.6512965696,-28758.348703430383,28758.348703430383,3.2642847563485113
S040,"32 Kurrajong Crescent, Blacktown",Blacktown,House,3,1,2.0,582.0,2026-04-17,1015000,https://www.realestate.com.au/sold/property-house-nsw-blacktown-150746028,"https://www.realestate.com.au/sold/in-blacktown,+nsw+2148/list-10",1087320.7057206954,72320.70572069543,72320.70572069543,7.125192681841915
S041,"81/459-463 Church Street, Parramatta",Parramatta,Apartment,2,2,1.0,140.0,2026-09-27,555000,https://www.realestate.com.au/sold/property-apartment-nsw-parramatta-152251120,"https://www.realestate.com.au/sold/in-parramatta,+nsw+2150/list-1",609034.5449031466,54034.54490314657,54034.54490314657,9.735954036602985
S042,"35/76 Great Western Highway, Parramatta",Parramatta,Apartment,2,1,2.0,115.0,2026-09-25,610000,https://www.realestate.com.au/sold/property-apartment-nsw-parramatta-151922836,"https://www.realestate.com.au/sold/in-parramatta,+nsw+2150/list-1",767601.3623916515,157601.3623916515,157601.3623916515,25.83628891666418
S043,"22/4 Peace Lane, Parramatta",Parramatta,Apartment,2,2,1.0,,2026-09-19,500000,https://www.realestate.com.au/sold/property-apartment-nsw-parramatta-152165320,"https://www.realestate.com.au/sold/in-parramatta,+nsw+2150/list-1",617214.3956796739,117214.39567967388,117214.39567967388,23.442879135934778
S044,"4/44-50 Thomas Street, Parramatta",Parramatta,Townhouse,2,1,1.0,128.0,2026-09-16,720000,https://www.realestate.com.au/sold/property-townhouse-nsw-parramatta-151828280,"https://www.realestate.com.au/sold/in-parramatta,+nsw+2150/list-1",680123.0518297473,-39876.94817025273,39876.94817025273,5.538465023646212
S045,"2315/45 Macquarie Street, Parramatta",Parramatta,Apartment,2,2,1.0,97.0,2026-09-16,640000,https://www.realestate.com.au/sold/property-apartment-nsw-parramatta-151827580,"https://www.realestate.com.au/sold/in-parramatta,+nsw+2150/list-1",580732.8574078437,-59267.142592156306,59267.142592156306,9.260491030024422
S046,"1/3 Stewart Street, Parramatta",Parramatta,Unit,2,1,1.0,,2026-09-16,570000,https://www.realestate.com.au/sold/property-unit-nsw-parramatta-151399288,"https://www.realestate.com.au/sold/in-parramatta,+nsw+2150/list-1",581730.445366126,11730.44536612602,11730.44536612602,2.057972871250179
S047,"2/16 Betts Street, Parramatta",Parramatta,Apartment,2,1,1.0,,2026-09-12,660000,https://www.realestate.com.au/sold/property-apartment-nsw-parramatta-152003760,"https://www.realestate.com.au/sold/in-parramatta,+nsw+2150/list-1",581730.445366126,-78269.55463387398,78269.55463387398,11.859023429374846
S048,"1010 H/2 Morton Street, Parramatta",Parramatta,Apartment,2,2,1.0,,2026-09-11,687000,https://www.realestate.com.au/sold/property-apartment-nsw-parramatta-152167916,"https://www.realestate.com.au/sold/in-parramatta,+nsw+2150/list-1",569922.0953055226,-117077.90469447745,117077.90469447745,17.041907524669206
S049,"33/68 Great Western Highway, Parramatta",Parramatta,Apartment,2,1,1.0,116.0,2026-09-11,520000,https://www.realestate.com.au/sold/property-apartment-nsw-parramatta-151592404,"https://www.realestate.com.au/sold/in-parramatta,+nsw+2150/list-1",624474.275132634,104474.27513263398,104474.27513263398,20.091206756275763
S050,"1607/45 Macquarie Street, Parramatta",Parramatta,Apartment,1,1,1.0,,2026-09-10,547000,https://www.realestate.com.au/sold/property-apartment-nsw-parramatta-152013200,"https://www.realestate.com.au/sold/in-parramatta,+nsw+2150/list-1",498297.3648461024,-48702.63515389757,48702.63515389757,8.90358960765952
S051,"505/23 Hassall Street, Parramatta",Parramatta,Apartment,2,2,1.0,122.0,2026-09-09,660000,https://www.realestate.com.au/sold/property-apartment-nsw-parramatta-150842492,"https://www.realestate.com.au/sold/in-parramatta,+nsw+2150/list-1",636214.5936491437,-23785.406350856298,23785.406350856298,3.603849447099439
S052,"89/459-463 Church Street, Parramatta",Parramatta,Apartment,2,2,1.0,136.0,2026-09-04,580000,https://www.realestate.com.au/sold/property-apartment-nsw-parramatta-123566626,"https://www.realestate.com.au/sold/in-parramatta,+nsw+2150/list-1",617392.1374589227,37392.13745892269,37392.13745892269,6.446920251538395
S053,"10/4 Peace Lane, Parramatta",Parramatta,Apartment,2,2,1.0,,2026-09-03,570000,https://www.realestate.com.au/sold/property-apartment-nsw-parramatta-151028024,"https://www.realestate.com.au/sold/in-parramatta,+nsw+2150/list-1",617392.1374589227,47392.13745892269,47392.13745892269,8.314410080512754
S054,"9/178 George Street, Parramatta",Parramatta,Apartment,1,1,,93.0,2026-09-01,490000,https://www.realestate.com.au/sold/property-apartment-nsw-parramatta-152037172,"https://www.realestate.com.au/sold/in-parramatta,+nsw+2150/list-1",589755.6783643257,99755.67836432566,99755.67836432566,20.35830170700524
S055,"5/30-32 Queens Avenue, Parramatta",Parramatta,Apartment,2,1,1.0,,2026-08-28,680000,https://www.realestate.com.au/sold/property-apartment-nsw-parramatta-151649792?cid=pdp%3Arecent-sales,"https://www.realestate.com.au/sold/in-parramatta,+nsw+2150/list-2",581097.0371726843,-98902.96282731567,98902.96282731567,14.544553356958186
S056,"C26/88-98 Marsden Street, Parramatta",Parramatta,Unit,2,2,1.0,,2026-08-27,552000,https://www.realestate.com.au/sold/property-unit-nsw-parramatta-151576280?sourceElement=know_your_market_carousel%3A2&sourcePage=rea%3Abuy%3Asrp,"https://www.realestate.com.au/sold/in-parramatta,+nsw+2150/list-2",619046.4369018149,67046.43690181489,67046.43690181489,12.146093641633131
S057,"907/6-10 Charles Street, Parramatta",Parramatta,Apartment,3,2,1.0,189.0,2026-08-25,720000,https://www.realestate.com.au/sold/property-apartment-nsw-parramatta-151973256,"https://www.realestate.com.au/sold/in-parramatta,+nsw+2150/list-2",855560.8461050729,135560.84610507288,135560.84610507288,18.82789529237123
S058,"1417/32 Hunter Street (AKA 1417/45 Macquarie St), Parramatta",Parramatta,Apartment,1,1,,76.0,2026-08-25,560000,https://www.realestate.com.au/sold/property-apartment-nsw-parramatta-149992300,"https://www.realestate.com.au/sold/in-parramatta,+nsw+2150/list-2",488785.90699201945,-71214.09300798055,71214.09300798055,12.71680232285367
S059,"805/21 Hassall Street, Parramatta",Parramatta,Apartment,1,1,,,2026-08-24,410000,https://www.realestate.com.au/sold/property-apartment-nsw-parramatta-150177508?sourceElement=know_your_market_carousel%3A2&sourcePage=rea%3Abuy%3Asrp,"https://www.realestate.com.au/sold/in-parramatta,+nsw+2150/list-2",494485.9760948629,84485.97609486291,84485.97609486291,20.606335632893394
S060,"41/3 Good Street, Parramatta",Parramatta,Apartment,2,2,1.0,132.0,2026-08-21,641000,https://www.realestate.com.au/sold/property-unit-nsw-parramatta-110037689,"https://www.realestate.com.au/sold/in-parramatta,+nsw+2150/list-2",609034.5449031466,-31965.45509685343,31965.45509685343,4.986810467527836
S061,"401/8 River Road, Parramatta",Parramatta,Apartment,2,2,1.0,,2026-08-21,550000,https://www.realestate.com.au/sold/property-apartment-nsw-parramatta-150842684,"https://www.realestate.com.au/sold/in-parramatta,+nsw+2150/list-2",592650.5999842477,42650.5999842477,42650.5999842477,7.754654542590491
S062,"11/22-24 Tennyson Street, Parramatta",Parramatta,Apartment,2,2,1.0,,2026-08-17,650000,https://www.realestate.com.au/sold/property-apartment-nsw-parramatta-150736304?sourceElement=know_your_market_carousel%3A2&sourcePage=rea%3Abuy%3Asrp,"https://www.realestate.com.au/sold/in-parramatta,+nsw+2150/list-2",569922.0953055226,-80077.90469447745,80077.90469447745,12.319677645304223
S063,"2/1-7 Bobart Street, Parramatta",Parramatta,Townhouse,2,1,1.0,251.0,2026-08-12,780000,https://www.realestate.com.au/sold/property-townhouse-nsw-parramatta-151891468,"https://www.realestate.com.au/sold/in-parramatta,+nsw+2150/list-2",648546.431260599,-131453.56873940094,131453.56873940094,16.85302163325653
S064,"5/5 Thomas Street, Parramatta",Parramatta,Unit,2,1,1.0,81.0,2026-08-12,530000,https://www.realestate.com.au/sold/property-unit-nsw-parramatta-151912828,"https://www.realestate.com.au/sold/in-parramatta,+nsw+2150/list-2",564937.9061715846,34937.90617158462,34937.90617158462,6.592057768223513
S065,"1001/1A Morton Street, Parramatta",Parramatta,Apartment,2,2,1.0,127.0,2026-08-07,635000,https://www.realestate.com.au/sold/property-apartment-nsw-parramatta-150227964,"https://www.realestate.com.au/sold/in-parramatta,+nsw+2150/list-2",576997.7325079463,-58002.26749205368,58002.26749205368,9.13421535307932
S066,"5/13 Queens Avenue, Parramatta",Parramatta,Apartment,1,1,1.0,,2026-08-07,435000,https://www.realestate.com.au/sold/property-apartment-nsw-parramatta-151516112?cid=pdp%3Arecent-sales,"https://www.realestate.com.au/sold/in-parramatta,+nsw+2150/list-2",553289.4915586208,118289.49155862082,118289.49155862082,27.192986565200187
S067,"404/23 Hassall Street, Parramatta",Parramatta,Apartment,2,2,1.0,124.0,2026-08-04,680000,https://www.realestate.com.au/sold/property-apartment-nsw-parramatta-151176520,"https://www.realestate.com.au/sold/in-parramatta,+nsw+2150/list-2",576997.7325079463,-103002.26749205368,103002.26749205368,15.147392278243188
S068,"3103/330 Church Street, Parramatta",Parramatta,Apartment,1,1,,,2026-04-24,600000,https://www.realestate.com.au/sold/property-apartment-nsw-parramatta-149062512,"https://www.realestate.com.au/sold/in-parramatta,+nsw+2150/list-8",461749.4565714647,-138250.54342853528,138250.54342853528,23.04175723808921
S069,"5434/180 George Street, Parramatta",Parramatta,Apartment,3,2,2.0,170.0,2026-04-23,1590000,https://www.realestate.com.au/sold/property-apartment-nsw-parramatta-149061128,"https://www.realestate.com.au/sold/in-parramatta,+nsw+2150/list-8",850964.4271662865,-739035.5728337135,739035.5728337135,46.48022470652286
S070,"1841/180 George Street, Parramatta",Parramatta,Apartment,2,1,,68.0,2026-04-23,619000,https://www.realestate.com.au/sold/property-apartment-nsw-parramatta-150542896,"https://www.realestate.com.au/sold/in-parramatta,+nsw+2150/list-8",632321.68428282,13321.684282819973,13321.684282819973,2.152129932604196
S071,"1204/36 Cowper Street, Parramatta",Parramatta,Apartment,2,2,1.0,,2026-04-22,570000,https://www.realestate.com.au/sold/property-apartment-nsw-parramatta-150657784,"https://www.realestate.com.au/sold/in-parramatta,+nsw+2150/list-8",639787.3907873182,69787.39078731823,69787.39078731823,12.243401892511972
S072,"13 Morton Street, Parramatta",Parramatta,House,4,3,2.0,461.6,2026-04-20,1800000,https://www.realestate.com.au/sold/property-house-nsw-parramatta-150275348,"https://www.realestate.com.au/sold/in-parramatta,+nsw+2150/list-8",2245434.6862941305,445434.6862941305,445434.6862941305,24.74637146078503
S073,"3/7 Pitt Street, Parramatta",Parramatta,Apartment,3,2,1.0,,2026-04-20,745000,https://www.realestate.com.au/sold/property-apartment-nsw-parramatta-150534520,"https://www.realestate.com.au/sold/in-parramatta,+nsw+2150/list-8",931592.178200273,186592.17820027296,186592.17820027296,25.04592995976818
S074,"34/23-33 Napier Street, Parramatta",Parramatta,Apartment,2,1,1.0,,2026-04-20,620000,https://www.realestate.com.au/sold/property-apartment-nsw-parramatta-106054634,"https://www.realestate.com.au/sold/in-parramatta,+nsw+2150/list-8",610917.1814477473,-9082.81855225272,9082.81855225272,1.4649707342343097
S075,"28/128 Macquarie Street, Parramatta",Parramatta,Unit,2,1,1.0,112.0,2026-04-18,580000,https://www.realestate.com.au/sold/property-unit-nsw-parramatta-150661184,"https://www.realestate.com.au/sold/in-parramatta,+nsw+2150/list-8",601101.9428893324,21101.942889332422,21101.942889332422,3.6382660154021416
S076,"6112/1A Morton Street, Parramatta",Parramatta,Apartment,2,2,1.0,,2026-04-17,735000,https://www.realestate.com.au/sold/property-apartment-nsw-parramatta-150737760,"https://www.realestate.com.au/sold/in-parramatta,+nsw+2150/list-8",612591.4714076039,-122408.52859239606,122408.52859239606,16.654221577196743
S077,"507/8 River Road West, Parramatta",Parramatta,Apartment,2,2,1.0,,2026-04-17,639000,https://www.realestate.com.au/sold/property-apartment-nsw-parramatta-140144999,"https://www.realestate.com.au/sold/in-parramatta,+nsw+2150/list-8",639787.3907873182,787.3907873182325,787.3907873182325,0.12322234543321321
S078,"1/1 Early Street, Parramatta",Parramatta,Unit,2,1,2.0,110.0,2026-04-14,570000,https://www.realestate.com.au/sold/property-unit-nsw-parramatta-150177556,"https://www.realestate.com.au/sold/in-parramatta,+nsw+2150/list-8",755540.2775460015,185540.27754600148,185540.27754600148,32.55092588526342
S079,"28/5 Union Street, Parramatta",Parramatta,Unit,2,1,1.0,112.0,2026-04-13,527500,,"https://www.realestate.com.au/sold/in-parramatta,+nsw+2150/list-8",620615.3569129372,93115.35691293725,93115.35691293725,17.65220036264213
S080,"29/20-24 Sorrell Street, Parramatta",Parramatta,Apartment,4,2,1.0,191.0,2026-04-11,898500,https://www.realestate.com.au/sold/property-apartment-nsw-parramatta-150612636,"https://www.realestate.com.au/sold/in-parramatta,+nsw+2150/list-8",961893.150054903,63393.150054903,63393.150054903,7.0554424101171955
S081,"305/55 Harbour Street, Mosman",Mosman,Apartment,1,1,1.0,,2026-09-22,980000,https://www.realestate.com.au/sold/property-apartment-nsw-mosman-152314592,"https://www.realestate.com.au/sold/in-mosman,+nsw+2088/list-1",883239.9675450686,-96760.03245493141,96760.03245493141,9.873472699482797
S082,"313/88 Vista Street, Mosman",Mosman,Apartment,2,1,,,2026-09-17,905000,https://www.realestate.com.au/sold/property-apartment-nsw-mosman-152164336,"https://www.realestate.com.au/sold/in-mosman,+nsw+2088/list-1",1063943.5059223766,158943.50592237664,158943.50592237664,17.56281833396427
S083,"8/88 Avenue Road, Mosman",Mosman,Apartment,1,1,1.0,,2026-09-12,730000,https://www.realestate.com.au/sold/property-apartment-nsw-mosman-152106856,"https://www.realestate.com.au/sold/in-mosman,+nsw+2088/list-1",931712.563732897,201712.56373289705,201712.56373289705,27.631858045602335
S084,"7/10 Muston Street, Mosman",Mosman,Apartment,1,1,,,2026-09-08,750000,https://www.realestate.com.au/sold/property-apartment-nsw-mosman-152160876,"https://www.realestate.com.au/sold/in-mosman,+nsw+2088/list-1",692809.440425653,-57190.55957434699,57190.55957434699,7.625407943246265
S085,"G05/15-25 Myahgah Road, Mosman",Mosman,Apartment,2,2,2.0,,2026-08-31,4500000,https://www.realestate.com.au/sold/property-apartment-nsw-mosman-151988036,"https://www.realestate.com.au/sold/in-mosman,+nsw+2088/list-1",1125457.8460346058,-3374542.153965394,3374542.153965394,74.98982564367542
S086,"111/116 Belmont Road, Mosman",Mosman,Apartment,1,1,1.0,74.0,2026-08-19,930000,https://www.realestate.com.au/sold/property-apartment-nsw-mosman-151841804,"https://www.realestate.com.au/sold/in-mosman,+nsw+2088/list-1",980133.8620541367,50133.8620541367,50133.8620541367,5.390737855283516
S087,"9/71 Avenue Road, Mosman",Mosman,Apartment,1,1,1.0,,2026-08-10,700000,https://www.realestate.com.au/sold/property-apartment-nsw-mosman-151799252,"https://www.realestate.com.au/sold/in-mosman,+nsw+2088/list-1",883239.9675450686,183239.9675450686,183239.9675450686,26.177138220724085
S088,"3/6 Brierley Street, Mosman",Mosman,Apartment,2,1,,,2026-08-04,975000,https://www.realestate.com.au/sold/property-apartment-nsw-mosman-151332820,"https://www.realestate.com.au/sold/in-mosman,+nsw+2088/list-1",1051574.6249787281,76574.62497872813,76574.62497872813,7.8538076901259615
S089,"5 Botanic Road, Mosman",Mosman,House,4,3,2.0,,2026-07-22,8700000,https://www.realestate.com.au/sold/property-house-nsw-mosman-150195184,"https://www.realestate.com.au/sold/in-mosman,+nsw+2088/list-1",6091345.486631603,-2608654.513368397,2608654.513368397,29.984534636418356
S090,"4/3 Millett Road, Mosman",Mosman,Apartment,2,1,1.0,,2026-07-16,1050000,https://www.realestate.com.au/sold/property-apartment-nsw-mosman-151472668,"https://www.realestate.com.au/sold/in-mosman,+nsw+2088/list-1",1295342.4382537587,245342.4382537587,245342.4382537587,23.36594650035797
S091,"20/96 Ourimbah Road, Mosman",Mosman,Apartment,2,1,1.0,,2026-07-07,1030000,,"https://www.realestate.com.au/sold/in-mosman,+nsw+2088/list-1",1221924.2216109314,191924.22161093145,191924.22161093145,18.63341957387684
S092,"4/125 Raglan Street, Mosman",Mosman,Apartment,2,1,,,2026-07-07,990000,https://www.realestate.com.au/sold/property-apartment-nsw-mosman-151333344,"https://www.realestate.com.au/sold/in-mosman,+nsw+2088/list-1",993037.2589794981,3037.2589794980595,3037.2589794980595,0.3067938363129353
S093,"31/2B Brady Street, Mosman",Mosman,Apartment,3,2,2.0,,2026-06-29,1925000,https://www.realestate.com.au/sold/property-apartment-nsw-mosman-151139368,"https://www.realestate.com.au/sold/in-mosman,+nsw+2088/list-1",2805079.309952593,880079.309952593,880079.309952593,45.71840571182301
S094,"2/184 Raglan Street, Mosman",Mosman,Apartment,2,1,1.0,,2026-06-17,1237500,https://www.realestate.com.au/sold/property-apartment-nsw-mosman-151410080,"https://www.realestate.com.au/sold/in-mosman,+nsw+2088/list-1",1217748.1477680372,-19751.85223196284,19751.85223196284,1.5961092712697245
S095,"16/5 The Esplanade, Mosman",Mosman,Apartment,1,1,1.0,,2026-06-06,1570000,https://www.realestate.com.au/sold/property-apartment-nsw-mosman-151137084,"https://www.realestate.com.au/sold/in-mosman,+nsw+2088/list-2",879077.4812905439,-690922.5187094561,690922.5187094561,44.007803739455795
S096,"3/1A Oswald Street, Mosman",Mosman,Apartment,2,1,,,2026-06-04,1140000,https://www.realestate.com.au/sold/property-apartment-nsw-mosman-150626336,"https://www.realestate.com.au/sold/in-mosman,+nsw+2088/list-2",1106586.498266035,-33413.50173396501,33413.50173396501,2.9310089240320183
S097,"17/22 Mosman Street, Mosman",Mosman,Apartment,1,1,1.0,,2026-06-01,827000,https://www.realestate.com.au/sold/property-apartment-nsw-mosman-151336940,"https://www.realestate.com.au/sold/in-mosman,+nsw+2088/list-2",1059287.4202596506,232287.42025965056,232287.42025965056,28.08795891894203
S098,"12/22 Warringah Road, Mosman",Mosman,Apartment,1,1,1.0,,2026-05-26,1030000,https://www.realestate.com.au/sold/property-apartment-nsw-mosman-150833140,"https://www.realestate.com.au/sold/in-mosman,+nsw+2088/list-2",1001678.3763239414,-28321.623676058603,28321.623676058603,2.7496722015590875
S099,"7/8 Earl Street, Mosman",Mosman,Apartment,3,2,2.0,156.0,2026-05-15,3000000,https://www.realestate.com.au/sold/property-apartment-nsw-mosman-149969460,"https://www.realestate.com.au/sold/in-mosman,+nsw+2088/list-2",2234583.602863768,-765416.3971362319,765416.3971362319,25.513879904541064
S100,"2/7 Badham Avenue, Mosman",Mosman,Apartment,2,1,,67.0,2026-05-13,1265000,https://www.realestate.com.au/sold/property-apartment-nsw-mosman-150960364,"https://www.realestate.com.au/sold/in-mosman,+nsw+2088/list-2",1081134.1076699863,-183865.89233001368,183865.89233001368,14.53485314861768
S101,"2 Lennox Street, Mosman",Mosman,House,5,3,3.0,659.0,2026-04-28,8200000,https://www.realestate.com.au/sold/property-house-nsw-mosman-150956312,"https://www.realestate.com.au/sold/in-mosman,+nsw+2088/list-2",6253463.081290859,-1946536.9187091412,1946536.9187091412,23.738255106209042
S102,"9/237 Raglan Street, Mosman",Mosman,Apartment,1,1,1.0,37.0,2026-04-16,1500000,https://www.realestate.com.au/sold/property-apartment-nsw-mosman-150616400,"https://www.realestate.com.au/sold/in-mosman,+nsw+2088/list-2",964542.2279030536,-535457.7720969464,535457.7720969464,35.69718480646309
S103,"6/16 Bardwell Road, Mosman",Mosman,Apartment,2,2,1.0,116.0,2026-04-16,1325000,https://www.realestate.com.au/sold/property-apartment-nsw-mosman-150727204,"https://www.realestate.com.au/sold/in-mosman,+nsw+2088/list-2",1244253.5344910533,-80746.46550894668,80746.46550894668,6.09407286859975
S104,"14 Erith Street, Mosman",Mosman,House,4,3,1.0,613.0,2026-04-11,5300000,https://www.realestate.com.au/sold/property-house-nsw-mosman-150578600,"https://www.realestate.com.au/sold/in-mosman,+nsw+2088/list-2",5555569.596135992,255569.59613599163,255569.59613599163,4.822067851622483
S105,"3/3 Millett Road, Mosman",Mosman,Unit,1,1,,58.0,2026-04-09,740000,https://www.realestate.com.au/sold/property-unit-nsw-mosman-150696876,"https://www.realestate.com.au/sold/in-mosman,+nsw+2088/list-2",1078347.0554481954,338347.05544819543,338347.05544819543,45.722575060566946
S106,"28/182 Raglan Street, Mosman",Mosman,Apartment,2,1,1.0,,2026-04-04,1800000,https://www.realestate.com.au/sold/property-apartment-nsw-mosman-150698636,"https://www.realestate.com.au/sold/in-mosman,+nsw+2088/list-2",1187435.7632122552,-612564.2367877448,612564.2367877448,34.031346488208044
S107,"10/116 Belmont Road, Mosman",Mosman,Townhouse,3,2,2.0,192.0,2026-06-10,2380000,https://www.realestate.com.au/sold/property-townhouse-nsw-mosman-150433716,"https://www.realestate.com.au/sold/in-mosman,+nsw+2088/list-2",2288249.622775984,-91750.377224016,91750.377224016,3.855057866555294
S108,"8/4 Mandolong Road, Mosman",Mosman,Apartment,2,1,1.0,101.0,2026-04-01,1405000,https://www.realestate.com.au/sold/property-apartment-nsw-mosman-150576004,"https://www.realestate.com.au/sold/in-mosman,+nsw+2088/list-3",1243143.1284742204,-161856.8715257796,161856.8715257796,11.520062030304597
S109,"10 Cyprian Street, Mosman",Mosman,House,4,3,2.0,556.4,2026-03-27,8500000,https://www.realestate.com.au/sold/property-house-nsw-mosman-150397796,"https://www.realestate.com.au/sold/in-mosman,+nsw+2088/list-3",5917505.875124267,-2582494.1248757327,2582494.1248757327,30.382283822067443
S110,"29 Pearl Bay Avenue, Mosman",Mosman,House,4,3,3.0,,2026-03-20,7198000,https://www.realestate.com.au/sold/property-house-nsw-mosman-149519784,"https://www.realestate.com.au/sold/in-mosman,+nsw+2088/list-3",5789221.430071356,-1408778.5699286442,1408778.5699286442,19.571805639464355
S111,"8A Prince Street, Mosman",Mosman,House,4,3,2.0,258.0,2026-03-18,3570000,https://www.realestate.com.au/sold/property-house-nsw-mosman-150195480,"https://www.realestate.com.au/sold/in-mosman,+nsw+2088/list-3",6257610.049815886,2687610.0498158857,2687610.0498158857,75.28319467271389
S112,"7/10 Raglan Street, Mosman",Mosman,Apartment,1,1,,,2026-03-11,710000,https://www.realestate.com.au/sold/property-apartment-nsw-mosman-150487400,"https://www.realestate.com.au/sold/in-mosman,+nsw+2088/list-3",786855.2225637836,76855.22256378364,76855.22256378364,10.824679234335724
S113,"16/182 Raglan Street, Mosman",Mosman,Apartment,2,1,1.0,,2026-03-07,1610000,https://www.realestate.com.au/sold/property-apartment-nsw-mosman-150282916,"https://www.realestate.com.au/sold/in-mosman,+nsw+2088/list-3",1059875.309681548,-550124.690318452,550124.690318452,34.169235423506336
S114,"1/8 Muston Street, Mosman",Mosman,Apartment,2,1,1.0,,2026-03-06,1300000,https://www.realestate.com.au/sold/property-apartment-nsw-mosman-150166172,"https://www.realestate.com.au/sold/in-mosman,+nsw+2088/list-3",1059875.309681548,-240124.69031845196,240124.69031845196,18.471130024496304
S115,"5/100 Avenue Road, Mosman",Mosman,Apartment,1,1,,,2026-03-04,660000,https://www.realestate.com.au/sold/property-apartment-nsw-mosman-150360080,"https://www.realestate.com.au/sold/in-mosman,+nsw+2088/list-3",862635.5813962447,202635.5813962447,202635.5813962447,30.70236081761283
S116,"33 Spofforth Street, Mosman",Mosman,House,4,3,3.0,,2026-03-02,5075000,https://www.realestate.com.au/sold/property-house-nsw-mosman-148344104,"https://www.realestate.com.au/sold/in-mosman,+nsw+2088/list-3",6928546.968225481,1853546.968225481,1853546.968225481,36.52309296996022
S117,"15/5 The Esplanade, Mosman",Mosman,Apartment,2,1,1.0,,2026-02-28,1950000,https://www.realestate.com.au/sold/property-apartment-nsw-mosman-150128988,"https://www.realestate.com.au/sold/in-mosman,+nsw+2088/list-3",1344022.4561384663,-605977.5438615337,605977.5438615337,31.075771480078654
S118,"1 Bray Street, Mosman",Mosman,House,3,2,1.0,296.0,2026-02-27,3750000,https://www.realestate.com.au/sold/property-house-nsw-mosman-150278904,"https://www.realestate.com.au/sold/in-mosman,+nsw+2088/list-3",2980287.9986560247,-769712.0013439753,769712.0013439753,20.525653369172677
S119,"3/46A Moruben Road, Mosman",Mosman,Apartment,2,1,1.0,,2026-02-27,2030800,https://www.realestate.com.au/sold/property-apartment-nsw-mosman-150283504,"https://www.realestate.com.au/sold/in-mosman,+nsw+2088/list-3",1410101.2618327935,-620698.7381672065,620698.7381672065,30.564247496907942
S120,"406/88 Vista Street, Mosman",Mosman,Apartment,1,1,1.0,,2026-02-26,875000,https://www.realestate.com.au/sold/property-apartment-nsw-mosman-149994628,"https://www.realestate.com.au/sold/in-mosman,+nsw+2088/list-3",1561912.1082130931,686912.1082130931,686912.1082130931,78.50424093863921
