property_id,address,suburb,postcode,property_type_listed,bedrooms,bathrooms,car_spaces,listed_area_sqm,sale_date,sale_price_aud,listing_url,results_page_url,collected_on
S001,"52 Balmoral Street, Blacktown",Blacktown,2148,House,4,1,1,696.77,2026-09-08,1300000,https://www.realestate.com.au/sold/property-house-nsw-blacktown-149983288,"https://www.realestate.com.au/sold/in-blacktown,+nsw+2148/list-2",2026-09-28
S002,"9 Kirkman Road, Blacktown",Blacktown,2148,House,4,1,2,638.0,2026-09-03,1070000,https://www.realestate.com.au/sold/property-house-nsw-blacktown-152024064,"https://www.realestate.com.au/sold/in-blacktown,+nsw+2148/list-2",2026-09-28
S003,"17 Carinya Street, Blacktown",Blacktown,2148,House,3,1,1,1182.4,2026-09-01,1600000,https://www.realestate.com.au/sold/property-house-nsw-blacktown-151555988,"https://www.realestate.com.au/sold/in-blacktown,+nsw+2148/list-2",2026-09-28
S004,"2002/1 Boys Avenue, Blacktown",Blacktown,2148,Apartment,2,2,1,,2026-08-28,540000,https://www.realestate.com.au/sold/property-apartment-nsw-blacktown-152056140,"https://www.realestate.com.au/sold/in-blacktown,+nsw+2148/list-2",2026-09-28
S005,"19 Stephen Street, Blacktown",Blacktown,2148,House,3,1,1,575.4,2026-08-26,1062500,https://www.realestate.com.au/sold/property-house-nsw-blacktown-152017640,"https://www.realestate.com.au/sold/in-blacktown,+nsw+2148/list-2",2026-09-28
S006,"7/45 Lyton Street, Blacktown",Blacktown,2148,Townhouse,2,2,1,,2026-08-25,805000,https://www.realestate.com.au/sold/property-townhouse-nsw-blacktown-151629928,"https://www.realestate.com.au/sold/in-blacktown,+nsw+2148/list-2",2026-09-28
S007,"36 Bedford Road, Blacktown",Blacktown,2148,House,3,2,4,651.0,2026-08-24,1007500,https://www.realestate.com.au/sold/property-house-nsw-blacktown-151912132,"https://www.realestate.com.au/sold/in-blacktown,+nsw+2148/list-2",2026-09-28
S008,"13 Lancaster Street, Blacktown",Blacktown,2148,House,7,4,6,739.8,2026-08-22,1900000,https://www.realestate.com.au/sold/property-house-nsw-blacktown-151888376,"https://www.realestate.com.au/sold/in-blacktown,+nsw+2148/list-2",2026-09-28
S009,"79/21-29 Third Avenue, Blacktown",Blacktown,2148,Unit,2,2,1,122.0,2026-08-21,435000,https://www.realestate.com.au/sold/property-unit-nsw-blacktown-151691568,"https://www.realestate.com.au/sold/in-blacktown,+nsw+2148/list-2",2026-09-28
S010,"94 Lancelot Street, Blacktown",Blacktown,2148,House,3,1,1,562.7,2026-08-18,950000,https://www.realestate.com.au/sold/property-house-nsw-blacktown-151814988,"https://www.realestate.com.au/sold/in-blacktown,+nsw+2148/list-2",2026-09-28
S011,"49/8-18 Wallace Street, Blacktown",Blacktown,2148,Apartment,2,2,3,,2026-08-17,465000,https://www.realestate.com.au/sold/property-apartment-nsw-blacktown-151654668,"https://www.realestate.com.au/sold/in-blacktown,+nsw+2148/list-3",2026-09-28
S012,"2/31 Third Avenue, Blacktown",Blacktown,2148,Unit,1,1,1,,2026-08-13,380000,https://www.realestate.com.au/sold/property-unit-nsw-blacktown-151722016,"https://www.realestate.com.au/sold/in-blacktown,+nsw+2148/list-3",2026-09-28
S013,"12 Glamorgan Street, Blacktown",Blacktown,2148,House,3,1,1,556.0,2026-08-11,1030000,https://www.realestate.com.au/sold/property-house-nsw-blacktown-151691880,"https://www.realestate.com.au/sold/in-blacktown,+nsw+2148/list-3",2026-09-28
S014,"9/8-18 Wallace Street, Blacktown",Blacktown,2148,Apartment,2,2,1,,2026-08-11,491000,https://www.realestate.com.au/sold/property-apartment-nsw-blacktown-151334872,"https://www.realestate.com.au/sold/in-blacktown,+nsw+2148/list-3",2026-09-28
S015,"57 Walters Road, Blacktown",Blacktown,2148,House,3,1,1,835.0,2026-08-08,1221000,https://www.realestate.com.au/sold/property-house-nsw-blacktown-151780948,"https://www.realestate.com.au/sold/in-blacktown,+nsw+2148/list-3",2026-09-28
S016,"12 Siebel Street, Blacktown",Blacktown,2148,House,5,2,1,560.0,2026-08-05,1080000,https://www.realestate.com.au/sold/property-house-nsw-blacktown-150980712,"https://www.realestate.com.au/sold/in-blacktown,+nsw+2148/list-3",2026-09-28
S017,"61/7 Griffiths Street, Blacktown",Blacktown,2148,Unit,2,1,1,84.0,2026-08-05,410000,https://www.realestate.com.au/sold/property-unit-nsw-blacktown-151754320,"https://www.realestate.com.au/sold/in-blacktown,+nsw+2148/list-3",2026-09-28
S018,"34/25 Mantaka Street, Blacktown",Blacktown,2148,Apartment,2,1,1,61.0,2026-08-03,432000,https://www.realestate.com.au/sold/property-apartment-nsw-blacktown-151301160?sourceElement=know_your_market_carousel%3A4&sourcePage=rea%3Abuy%3Asrp,"https://www.realestate.com.au/sold/in-blacktown,+nsw+2148/list-3",2026-09-28
S019,"68 Eggleton Street, Blacktown",Blacktown,2148,House,3,1,2,600.0,2026-07-30,900000,https://www.realestate.com.au/sold/property-house-nsw-blacktown-151309196,"https://www.realestate.com.au/sold/in-blacktown,+nsw+2148/list-3",2026-09-28
S020,"1 Tara Road, Blacktown",Blacktown,2148,House,2,1,2,308.0,2026-07-29,820000,,"https://www.realestate.com.au/sold/in-blacktown,+nsw+2148/list-3",2026-09-28
S021,"46/26 Mantaka Street, Blacktown",Blacktown,2148,Apartment,2,1,1,,2026-07-24,422500,https://www.realestate.com.au/sold/property-apartment-nsw-blacktown-151656600,"https://www.realestate.com.au/sold/in-blacktown,+nsw+2148/list-4",2026-09-28
S022,"8 Prospect Street, Blacktown",Blacktown,2148,House,3,1,1,556.4,2026-07-21,1050000,https://www.realestate.com.au/sold/property-house-nsw-blacktown-151556800,"https://www.realestate.com.au/sold/in-blacktown,+nsw+2148/list-4",2026-09-28
S023,"50/17 Huntley Drive, Blacktown",Blacktown,2148,Townhouse,3,2,1,240.0,2026-07-20,830000,https://www.realestate.com.au/sold/property-townhouse-nsw-blacktown-151392360,"https://www.realestate.com.au/sold/in-blacktown,+nsw+2148/list-4",2026-09-28
S024,"4 Starr Place, Blacktown",Blacktown,2148,House,3,1,2,,2026-07-18,1200000,https://www.realestate.com.au/sold/property-house-nsw-blacktown-151332392,"https://www.realestate.com.au/sold/in-blacktown,+nsw+2148/list-4",2026-09-28
S025,"28 Cavendish Avenue, Blacktown",Blacktown,2148,House,3,2,3,556.0,2026-07-17,1110000,,"https://www.realestate.com.au/sold/in-blacktown,+nsw+2148/list-4",2026-09-28
S026,"2 Cooper Street, Blacktown",Blacktown,2148,House,3,1,1,556.0,2026-07-17,999999,https://www.realestate.com.au/sold/property-house-nsw-blacktown-151295860,"https://www.realestate.com.au/sold/in-blacktown,+nsw+2148/list-4",2026-09-28
S027,"52/7 Griffiths Street, Blacktown",Blacktown,2148,Unit,2,1,1,,2026-07-16,410000,https://www.realestate.com.au/sold/property-unit-nsw-blacktown-151552744,"https://www.realestate.com.au/sold/in-blacktown,+nsw+2148/list-4",2026-09-28
S028,"803/5 Second Avenue, Blacktown",Blacktown,2148,Apartment,3,2,2,,2026-07-15,590000,https://www.realestate.com.au/sold/property-apartment-nsw-blacktown-150829256,"https://www.realestate.com.au/sold/in-blacktown,+nsw+2148/list-4",2026-09-28
S029,"39/31 Third Avenue, Blacktown",Blacktown,2148,Unit,2,2,1,97.0,2026-07-15,420000,https://www.realestate.com.au/sold/property-unit-nsw-blacktown-151485448,"https://www.realestate.com.au/sold/in-blacktown,+nsw+2148/list-4",2026-09-28
S030,"9/21-29 Third Avenue, Blacktown",Blacktown,2148,Apartment,2,2,1,,2026-07-13,420000,,"https://www.realestate.com.au/sold/in-blacktown,+nsw+2148/list-4",2026-09-28
S031,"12-12a West Street, Blacktown",Blacktown,2148,House,6,3,2,556.0,2026-05-02,1750000,https://www.realestate.com.au/sold/property-house-nsw-blacktown-150763328,"https://www.realestate.com.au/sold/in-blacktown,+nsw+2148/list-10",2026-09-28
S032,"41 Ironwood Crescent, Blacktown",Blacktown,2148,House,3,2,2,,2026-04-30,1013500,https://www.realestate.com.au/sold/property-house-nsw-blacktown-150423248,"https://www.realestate.com.au/sold/in-blacktown,+nsw+2148/list-10",2026-09-28
S033,"18 De Castella Drive, Blacktown",Blacktown,2148,House,4,3,2,573.0,2026-04-29,1640000,https://www.realestate.com.au/sold/property-house-nsw-blacktown-150804088,"https://www.realestate.com.au/sold/in-blacktown,+nsw+2148/list-10",2026-09-28
S034,"16/25-27 Fourth Avenue, Blacktown",Blacktown,2148,Apartment,2,1,1,,2026-04-29,455000,https://www.realestate.com.au/sold/property-apartment-nsw-blacktown-150689284,"https://www.realestate.com.au/sold/in-blacktown,+nsw+2148/list-10",2026-09-28
S035,"G10/43 Devitt Street, Blacktown",Blacktown,2148,Unit,2,2,1,,2026-04-24,500000,https://www.realestate.com.au/sold/property-unit-nsw-blacktown-149980392,"https://www.realestate.com.au/sold/in-blacktown,+nsw+2148/list-10",2026-09-28
S036,"16/5 Mantaka Street, Blacktown",Blacktown,2148,Townhouse,3,1,3,259.0,2026-04-20,850000,https://www.realestate.com.au/sold/property-townhouse-nsw-blacktown-150104548,"https://www.realestate.com.au/sold/in-blacktown,+nsw+2148/list-10",2026-09-28
S037,"5 Athlone Street, Blacktown",Blacktown,2148,House,3,1,3,,2026-04-19,1193500,https://www.realestate.com.au/sold/property-house-nsw-blacktown-150722136,"https://www.realestate.com.au/sold/in-blacktown,+nsw+2148/list-10",2026-09-28
S038,"10 Hadrian Avenue, Blacktown",Blacktown,2148,House,3,2,1,556.0,2026-04-18,1105000,https://www.realestate.com.au/sold/property-house-nsw-blacktown-150720768,"https://www.realestate.com.au/sold/in-blacktown,+nsw+2148/list-10",2026-09-28
S039,"10/41 St Martins Crescent, Blacktown",Blacktown,2148,Townhouse,3,2,2,,2026-04-18,881000,https://www.realestate.com.au/sold/property-townhouse-nsw-blacktown-150667608,"https://www.realestate.com.au/sold/in-blacktown,+nsw+2148/list-10",2026-09-28
S040,"32 Kurrajong Crescent, Blacktown",Blacktown,2148,House,3,1,2,582.0,2026-04-17,1015000,https://www.realestate.com.au/sold/property-house-nsw-blacktown-150746028,"https://www.realestate.com.au/sold/in-blacktown,+nsw+2148/list-10",2026-09-28
S041,"81/459-463 Church Street, Parramatta",Parramatta,2150,Apartment,2,2,1,140.0,2026-09-27,555000,https://www.realestate.com.au/sold/property-apartment-nsw-parramatta-152251120,"https://www.realestate.com.au/sold/in-parramatta,+nsw+2150/list-1",2026-09-28
S042,"35/76 Great Western Highway, Parramatta",Parramatta,2150,Apartment,2,1,2,115.0,2026-09-25,610000,https://www.realestate.com.au/sold/property-apartment-nsw-parramatta-151922836,"https://www.realestate.com.au/sold/in-parramatta,+nsw+2150/list-1",2026-09-28
S043,"22/4 Peace Lane, Parramatta",Parramatta,2150,Apartment,2,2,1,,2026-09-19,500000,https://www.realestate.com.au/sold/property-apartment-nsw-parramatta-152165320,"https://www.realestate.com.au/sold/in-parramatta,+nsw+2150/list-1",2026-09-28
S044,"4/44-50 Thomas Street, Parramatta",Parramatta,2150,Townhouse,2,1,1,128.0,2026-09-16,720000,https://www.realestate.com.au/sold/property-townhouse-nsw-parramatta-151828280,"https://www.realestate.com.au/sold/in-parramatta,+nsw+2150/list-1",2026-09-28
S045,"2315/45 Macquarie Street, Parramatta",Parramatta,2150,Apartment,2,2,1,97.0,2026-09-16,640000,https://www.realestate.com.au/sold/property-apartment-nsw-parramatta-151827580,"https://www.realestate.com.au/sold/in-parramatta,+nsw+2150/list-1",2026-09-28
S046,"1/3 Stewart Street, Parramatta",Parramatta,2150,Unit,2,1,1,,2026-09-16,570000,https://www.realestate.com.au/sold/property-unit-nsw-parramatta-151399288,"https://www.realestate.com.au/sold/in-parramatta,+nsw+2150/list-1",2026-09-28
S047,"2/16 Betts Street, Parramatta",Parramatta,2150,Apartment,2,1,1,,2026-09-12,660000,https://www.realestate.com.au/sold/property-apartment-nsw-parramatta-152003760,"https://www.realestate.com.au/sold/in-parramatta,+nsw+2150/list-1",2026-09-28
S048,"1010 H/2 Morton Street, Parramatta",Parramatta,2150,Apartment,2,2,1,,2026-09-11,687000,https://www.realestate.com.au/sold/property-apartment-nsw-parramatta-152167916,"https://www.realestate.com.au/sold/in-parramatta,+nsw+2150/list-1",2026-09-28
S049,"33/68 Great Western Highway, Parramatta",Parramatta,2150,Apartment,2,1,1,116.0,2026-09-11,520000,https://www.realestate.com.au/sold/property-apartment-nsw-parramatta-151592404,"https://www.realestate.com.au/sold/in-parramatta,+nsw+2150/list-1",2026-09-28
S050,"1607/45 Macquarie Street, Parramatta",Parramatta,2150,Apartment,1,1,1,,2026-09-10,547000,https://www.realestate.com.au/sold/property-apartment-nsw-parramatta-152013200,"https://www.realestate.com.au/sold/in-parramatta,+nsw+2150/list-1",2026-09-28
S051,"505/23 Hassall Street, Parramatta",Parramatta,2150,Apartment,2,2,1,122.0,2026-09-09,660000,https://www.realestate.com.au/sold/property-apartment-nsw-parramatta-150842492,"https://www.realestate.com.au/sold/in-parramatta,+nsw+2150/list-1",2026-09-28
S052,"89/459-463 Church Street, Parramatta",Parramatta,2150,Apartment,2,2,1,136.0,2026-09-04,580000,https://www.realestate.com.au/sold/property-apartment-nsw-parramatta-123566626,"https://www.realestate.com.au/sold/in-parramatta,+nsw+2150/list-1",2026-09-28
S053,"10/4 Peace Lane, Parramatta",Parramatta,2150,Apartment,2,2,1,,2026-09-03,570000,https://www.realestate.com.au/sold/property-apartment-nsw-parramatta-151028024,"https://www.realestate.com.au/sold/in-parramatta,+nsw+2150/list-1",2026-09-28
S054,"9/178 George Street, Parramatta",Parramatta,2150,Apartment,1,1,,93.0,2026-09-01,490000,https://www.realestate.com.au/sold/property-apartment-nsw-parramatta-152037172,"https://www.realestate.com.au/sold/in-parramatta,+nsw+2150/list-1",2026-09-28
S055,"5/30-32 Queens Avenue, Parramatta",Parramatta,2150,Apartment,2,1,1,,2026-08-28,680000,https://www.realestate.com.au/sold/property-apartment-nsw-parramatta-151649792?cid=pdp%3Arecent-sales,"https://www.realestate.com.au/sold/in-parramatta,+nsw+2150/list-2",2026-09-28
S056,"C26/88-98 Marsden Street, Parramatta",Parramatta,2150,Unit,2,2,1,,2026-08-27,552000,https://www.realestate.com.au/sold/property-unit-nsw-parramatta-151576280?sourceElement=know_your_market_carousel%3A2&sourcePage=rea%3Abuy%3Asrp,"https://www.realestate.com.au/sold/in-parramatta,+nsw+2150/list-2",2026-09-28
S057,"907/6-10 Charles Street, Parramatta",Parramatta,2150,Apartment,3,2,1,189.0,2026-08-25,720000,https://www.realestate.com.au/sold/property-apartment-nsw-parramatta-151973256,"https://www.realestate.com.au/sold/in-parramatta,+nsw+2150/list-2",2026-09-28
S058,"1417/32 Hunter Street (AKA 1417/45 Macquarie St), Parramatta",Parramatta,2150,Apartment,1,1,,76.0,2026-08-25,560000,https://www.realestate.com.au/sold/property-apartment-nsw-parramatta-149992300,"https://www.realestate.com.au/sold/in-parramatta,+nsw+2150/list-2",2026-09-28
S059,"805/21 Hassall Street, Parramatta",Parramatta,2150,Apartment,1,1,,,2026-08-24,410000,https://www.realestate.com.au/sold/property-apartment-nsw-parramatta-150177508?sourceElement=know_your_market_carousel%3A2&sourcePage=rea%3Abuy%3Asrp,"https://www.realestate.com.au/sold/in-parramatta,+nsw+2150/list-2",2026-09-28
S060,"41/3 Good Street, Parramatta",Parramatta,2150,Apartment,2,2,1,132.0,2026-08-21,641000,https://www.realestate.com.au/sold/property-unit-nsw-parramatta-110037689,"https://www.realestate.com.au/sold/in-parramatta,+nsw+2150/list-2",2026-09-28
S061,"401/8 River Road, Parramatta",Parramatta,2150,Apartment,2,2,1,,2026-08-21,550000,https://www.realestate.com.au/sold/property-apartment-nsw-parramatta-150842684,"https://www.realestate.com.au/sold/in-parramatta,+nsw+2150/list-2",2026-09-28
S062,"11/22-24 Tennyson Street, Parramatta",Parramatta,2150,Apartment,2,2,1,,2026-08-17,650000,https://www.realestate.com.au/sold/property-apartment-nsw-parramatta-150736304?sourceElement=know_your_market_carousel%3A2&sourcePage=rea%3Abuy%3Asrp,"https://www.realestate.com.au/sold/in-parramatta,+nsw+2150/list-2",2026-09-28
S063,"2/1-7 Bobart Street, Parramatta",Parramatta,2150,Townhouse,2,1,1,251.0,2026-08-12,780000,https://www.realestate.com.au/sold/property-townhouse-nsw-parramatta-151891468,"https://www.realestate.com.au/sold/in-parramatta,+nsw+2150/list-2",2026-09-28
S064,"5/5 Thomas Street, Parramatta",Parramatta,2150,Unit,2,1,1,81.0,2026-08-12,530000,https://www.realestate.com.au/sold/property-unit-nsw-parramatta-151912828,"https://www.realestate.com.au/sold/in-parramatta,+nsw+2150/list-2",2026-09-28
S065,"1001/1A Morton Street, Parramatta",Parramatta,2150,Apartment,2,2,1,127.0,2026-08-07,635000,https://www.realestate.com.au/sold/property-apartment-nsw-parramatta-150227964,"https://www.realestate.com.au/sold/in-parramatta,+nsw+2150/list-2",2026-09-28
S066,"5/13 Queens Avenue, Parramatta",Parramatta,2150,Apartment,1,1,1,,2026-08-07,435000,https://www.realestate.com.au/sold/property-apartment-nsw-parramatta-151516112?cid=pdp%3Arecent-sales,"https://www.realestate.com.au/sold/in-parramatta,+nsw+2150/list-2",2026-09-28
S067,"404/23 Hassall Street, Parramatta",Parramatta,2150,Apartment,2,2,1,124.0,2026-08-04,680000,https://www.realestate.com.au/sold/property-apartment-nsw-parramatta-151176520,"https://www.realestate.com.au/sold/in-parramatta,+nsw+2150/list-2",2026-09-28
S068,"3103/330 Church Street, Parramatta",Parramatta,2150,Apartment,1,1,,,2026-04-24,600000,https://www.realestate.com.au/sold/property-apartment-nsw-parramatta-149062512,"https://www.realestate.com.au/sold/in-parramatta,+nsw+2150/list-8",2026-09-28
S069,"5434/180 George Street, Parramatta",Parramatta,2150,Apartment,3,2,2,170.0,2026-04-23,1590000,https://www.realestate.com.au/sold/property-apartment-nsw-parramatta-149061128,"https://www.realestate.com.au/sold/in-parramatta,+nsw+2150/list-8",2026-09-28
S070,"1841/180 George Street, Parramatta",Parramatta,2150,Apartment,2,1,,68.0,2026-04-23,619000,https://www.realestate.com.au/sold/property-apartment-nsw-parramatta-150542896,"https://www.realestate.com.au/sold/in-parramatta,+nsw+2150/list-8",2026-09-28
S071,"1204/36 Cowper Street, Parramatta",Parramatta,2150,Apartment,2,2,1,,2026-04-22,570000,https://www.realestate.com.au/sold/property-apartment-nsw-parramatta-150657784,"https://www.realestate.com.au/sold/in-parramatta,+nsw+2150/list-8",2026-09-28
S072,"13 Morton Street, Parramatta",Parramatta,2150,House,4,3,2,461.6,2026-04-20,1800000,https://www.realestate.com.au/sold/property-house-nsw-parramatta-150275348,"https://www.realestate.com.au/sold/in-parramatta,+nsw+2150/list-8",2026-09-28
S073,"3/7 Pitt Street, Parramatta",Parramatta,2150,Apartment,3,2,1,,2026-04-20,745000,https://www.realestate.com.au/sold/property-apartment-nsw-parramatta-150534520,"https://www.realestate.com.au/sold/in-parramatta,+nsw+2150/list-8",2026-09-28
S074,"34/23-33 Napier Street, Parramatta",Parramatta,2150,Apartment,2,1,1,,2026-04-20,620000,https://www.realestate.com.au/sold/property-apartment-nsw-parramatta-106054634,"https://www.realestate.com.au/sold/in-parramatta,+nsw+2150/list-8",2026-09-28
S075,"28/128 Macquarie Street, Parramatta",Parramatta,2150,Unit,2,1,1,112.0,2026-04-18,580000,https://www.realestate.com.au/sold/property-unit-nsw-parramatta-150661184,"https://www.realestate.com.au/sold/in-parramatta,+nsw+2150/list-8",2026-09-28
S076,"6112/1A Morton Street, Parramatta",Parramatta,2150,Apartment,2,2,1,,2026-04-17,735000,https://www.realestate.com.au/sold/property-apartment-nsw-parramatta-150737760,"https://www.realestate.com.au/sold/in-parramatta,+nsw+2150/list-8",2026-09-28
S077,"507/8 River Road West, Parramatta",Parramatta,2150,Apartment,2,2,1,,2026-04-17,639000,https://www.realestate.com.au/sold/property-apartment-nsw-parramatta-140144999,"https://www.realestate.com.au/sold/in-parramatta,+nsw+2150/list-8",2026-09-28
S078,"1/1 Early Street, Parramatta",Parramatta,2150,Unit,2,1,2,110.0,2026-04-14,570000,https://www.realestate.com.au/sold/property-unit-nsw-parramatta-150177556,"https://www.realestate.com.au/sold/in-parramatta,+nsw+2150/list-8",2026-09-28
S079,"28/5 Union Street, Parramatta",Parramatta,2150,Unit,2,1,1,112.0,2026-04-13,527500,,"https://www.realestate.com.au/sold/in-parramatta,+nsw+2150/list-8",2026-09-28
S080,"29/20-24 Sorrell Street, Parramatta",Parramatta,2150,Apartment,4,2,1,191.0,2026-04-11,898500,https://www.realestate.com.au/sold/property-apartment-nsw-parramatta-150612636,"https://www.realestate.com.au/sold/in-parramatta,+nsw+2150/list-8",2026-09-28
S081,"305/55 Harbour Street, Mosman",Mosman,2088,Apartment,1,1,1,,2026-09-22,980000,https://www.realestate.com.au/sold/property-apartment-nsw-mosman-152314592,"https://www.realestate.com.au/sold/in-mosman,+nsw+2088/list-1",2026-09-28
S082,"313/88 Vista Street, Mosman",Mosman,2088,Apartment,2,1,,,2026-09-17,905000,https://www.realestate.com.au/sold/property-apartment-nsw-mosman-152164336,"https://www.realestate.com.au/sold/in-mosman,+nsw+2088/list-1",2026-09-28
S083,"8/88 Avenue Road, Mosman",Mosman,2088,Apartment,1,1,1,,2026-09-12,730000,https://www.realestate.com.au/sold/property-apartment-nsw-mosman-152106856,"https://www.realestate.com.au/sold/in-mosman,+nsw+2088/list-1",2026-09-28
S084,"7/10 Muston Street, Mosman",Mosman,2088,Apartment,1,1,,,2026-09-08,750000,https://www.realestate.com.au/sold/property-apartment-nsw-mosman-152160876,"https://www.realestate.com.au/sold/in-mosman,+nsw+2088/list-1",2026-09-28
S085,"G05/15-25 Myahgah Road, Mosman",Mosman,2088,Apartment,2,2,2,,2026-08-31,4500000,https://www.realestate.com.au/sold/property-apartment-nsw-mosman-151988036,"https://www.realestate.com.au/sold/in-mosman,+nsw+2088/list-1",2026-09-28
S086,"111/116 Belmont Road, Mosman",Mosman,2088,Apartment,1,1,1,74.0,2026-08-19,930000,https://www.realestate.com.au/sold/property-apartment-nsw-mosman-151841804,"https://www.realestate.com.au/sold/in-mosman,+nsw+2088/list-1",2026-09-28
S087,"9/71 Avenue Road, Mosman",Mosman,2088,Apartment,1,1,1,,2026-08-10,700000,https://www.realestate.com.au/sold/property-apartment-nsw-mosman-151799252,"https://www.realestate.com.au/sold/in-mosman,+nsw+2088/list-1",2026-09-28
S088,"3/6 Brierley Street, Mosman",Mosman,2088,Apartment,2,1,,,2026-08-04,975000,https://www.realestate.com.au/sold/property-apartment-nsw-mosman-151332820,"https://www.realestate.com.au/sold/in-mosman,+nsw+2088/list-1",2026-09-28
S089,"5 Botanic Road, Mosman",Mosman,2088,House,4,3,2,,2026-07-22,8700000,https://www.realestate.com.au/sold/property-house-nsw-mosman-150195184,"https://www.realestate.com.au/sold/in-mosman,+nsw+2088/list-1",2026-09-28
S090,"4/3 Millett Road, Mosman",Mosman,2088,Apartment,2,1,1,,2026-07-16,1050000,https://www.realestate.com.au/sold/property-apartment-nsw-mosman-151472668,"https://www.realestate.com.au/sold/in-mosman,+nsw+2088/list-1",2026-09-28
S091,"20/96 Ourimbah Road, Mosman",Mosman,2088,Apartment,2,1,1,,2026-07-07,1030000,,"https://www.realestate.com.au/sold/in-mosman,+nsw+2088/list-1",2026-09-28
S092,"4/125 Raglan Street, Mosman",Mosman,2088,Apartment,2,1,,,2026-07-07,990000,https://www.realestate.com.au/sold/property-apartment-nsw-mosman-151333344,"https://www.realestate.com.au/sold/in-mosman,+nsw+2088/list-1",2026-09-28
S093,"31/2B Brady Street, Mosman",Mosman,2088,Apartment,3,2,2,,2026-06-29,1925000,https://www.realestate.com.au/sold/property-apartment-nsw-mosman-151139368,"https://www.realestate.com.au/sold/in-mosman,+nsw+2088/list-1",2026-09-28
S094,"2/184 Raglan Street, Mosman",Mosman,2088,Apartment,2,1,1,,2026-06-17,1237500,https://www.realestate.com.au/sold/property-apartment-nsw-mosman-151410080,"https://www.realestate.com.au/sold/in-mosman,+nsw+2088/list-1",2026-09-28
S095,"16/5 The Esplanade, Mosman",Mosman,2088,Apartment,1,1,1,,2026-06-06,1570000,https://www.realestate.com.au/sold/property-apartment-nsw-mosman-151137084,"https://www.realestate.com.au/sold/in-mosman,+nsw+2088/list-2",2026-09-28
S096,"3/1A Oswald Street, Mosman",Mosman,2088,Apartment,2,1,,,2026-06-04,1140000,https://www.realestate.com.au/sold/property-apartment-nsw-mosman-150626336,"https://www.realestate.com.au/sold/in-mosman,+nsw+2088/list-2",2026-09-28
S097,"17/22 Mosman Street, Mosman",Mosman,2088,Apartment,1,1,1,,2026-06-01,827000,https://www.realestate.com.au/sold/property-apartment-nsw-mosman-151336940,"https://www.realestate.com.au/sold/in-mosman,+nsw+2088/list-2",2026-09-28
S098,"12/22 Warringah Road, Mosman",Mosman,2088,Apartment,1,1,1,,2026-05-26,1030000,https://www.realestate.com.au/sold/property-apartment-nsw-mosman-150833140,"https://www.realestate.com.au/sold/in-mosman,+nsw+2088/list-2",2026-09-28
S099,"7/8 Earl Street, Mosman",Mosman,2088,Apartment,3,2,2,156.0,2026-05-15,3000000,https://www.realestate.com.au/sold/property-apartment-nsw-mosman-149969460,"https://www.realestate.com.au/sold/in-mosman,+nsw+2088/list-2",2026-09-28
S100,"2/7 Badham Avenue, Mosman",Mosman,2088,Apartment,2,1,,67.0,2026-05-13,1265000,https://www.realestate.com.au/sold/property-apartment-nsw-mosman-150960364,"https://www.realestate.com.au/sold/in-mosman,+nsw+2088/list-2",2026-09-28
S101,"2 Lennox Street, Mosman",Mosman,2088,House,5,3,3,659.0,2026-04-28,8200000,https://www.realestate.com.au/sold/property-house-nsw-mosman-150956312,"https://www.realestate.com.au/sold/in-mosman,+nsw+2088/list-2",2026-09-28
S102,"9/237 Raglan Street, Mosman",Mosman,2088,Apartment,1,1,1,37.0,2026-04-16,1500000,https://www.realestate.com.au/sold/property-apartment-nsw-mosman-150616400,"https://www.realestate.com.au/sold/in-mosman,+nsw+2088/list-2",2026-09-28
S103,"6/16 Bardwell Road, Mosman",Mosman,2088,Apartment,2,2,1,116.0,2026-04-16,1325000,https://www.realestate.com.au/sold/property-apartment-nsw-mosman-150727204,"https://www.realestate.com.au/sold/in-mosman,+nsw+2088/list-2",2026-09-28
S104,"14 Erith Street, Mosman",Mosman,2088,House,4,3,1,613.0,2026-04-11,5300000,https://www.realestate.com.au/sold/property-house-nsw-mosman-150578600,"https://www.realestate.com.au/sold/in-mosman,+nsw+2088/list-2",2026-09-28
S105,"3/3 Millett Road, Mosman",Mosman,2088,Unit,1,1,,58.0,2026-04-09,740000,https://www.realestate.com.au/sold/property-unit-nsw-mosman-150696876,"https://www.realestate.com.au/sold/in-mosman,+nsw+2088/list-2",2026-09-28
S106,"28/182 Raglan Street, Mosman",Mosman,2088,Apartment,2,1,1,,2026-04-04,1800000,https://www.realestate.com.au/sold/property-apartment-nsw-mosman-150698636,"https://www.realestate.com.au/sold/in-mosman,+nsw+2088/list-2",2026-09-28
S107,"10/116 Belmont Road, Mosman",Mosman,2088,Townhouse,3,2,2,192.0,2026-06-10,2380000,https://www.realestate.com.au/sold/property-townhouse-nsw-mosman-150433716,"https://www.realestate.com.au/sold/in-mosman,+nsw+2088/list-2",2026-09-28
S108,"8/4 Mandolong Road, Mosman",Mosman,2088,Apartment,2,1,1,101.0,2026-04-01,1405000,https://www.realestate.com.au/sold/property-apartment-nsw-mosman-150576004,"https://www.realestate.com.au/sold/in-mosman,+nsw+2088/list-3",2026-09-28
S109,"10 Cyprian Street, Mosman",Mosman,2088,House,4,3,2,556.4,2026-03-27,8500000,https://www.realestate.com.au/sold/property-house-nsw-mosman-150397796,"https://www.realestate.com.au/sold/in-mosman,+nsw+2088/list-3",2026-09-28
S110,"29 Pearl Bay Avenue, Mosman",Mosman,2088,House,4,3,3,,2026-03-20,7198000,https://www.realestate.com.au/sold/property-house-nsw-mosman-149519784,"https://www.realestate.com.au/sold/in-mosman,+nsw+2088/list-3",2026-09-28
S111,"8A Prince Street, Mosman",Mosman,2088,House,4,3,2,258.0,2026-03-18,3570000,https://www.realestate.com.au/sold/property-house-nsw-mosman-150195480,"https://www.realestate.com.au/sold/in-mosman,+nsw+2088/list-3",2026-09-28
S112,"7/10 Raglan Street, Mosman",Mosman,2088,Apartment,1,1,,,2026-03-11,710000,https://www.realestate.com.au/sold/property-apartment-nsw-mosman-150487400,"https://www.realestate.com.au/sold/in-mosman,+nsw+2088/list-3",2026-09-28
S113,"16/182 Raglan Street, Mosman",Mosman,2088,Apartment,2,1,1,,2026-03-07,1610000,https://www.realestate.com.au/sold/property-apartment-nsw-mosman-150282916,"https://www.realestate.com.au/sold/in-mosman,+nsw+2088/list-3",2026-09-28
S114,"1/8 Muston Street, Mosman",Mosman,2088,Apartment,2,1,1,,2026-03-06,1300000,https://www.realestate.com.au/sold/property-apartment-nsw-mosman-150166172,"https://www.realestate.com.au/sold/in-mosman,+nsw+2088/list-3",2026-09-28
S115,"5/100 Avenue Road, Mosman",Mosman,2088,Apartment,1,1,,,2026-03-04,660000,https://www.realestate.com.au/sold/property-apartment-nsw-mosman-150360080,"https://www.realestate.com.au/sold/in-mosman,+nsw+2088/list-3",2026-09-28
S116,"33 Spofforth Street, Mosman",Mosman,2088,House,4,3,3,,2026-03-02,5075000,https://www.realestate.com.au/sold/property-house-nsw-mosman-148344104,"https://www.realestate.com.au/sold/in-mosman,+nsw+2088/list-3",2026-09-28
S117,"15/5 The Esplanade, Mosman",Mosman,2088,Apartment,2,1,1,,2026-02-28,1950000,https://www.realestate.com.au/sold/property-apartment-nsw-mosman-150128988,"https://www.realestate.com.au/sold/in-mosman,+nsw+2088/list-3",2026-09-28
S118,"1 Bray Street, Mosman",Mosman,2088,House,3,2,1,296.0,2026-02-27,3750000,https://www.realestate.com.au/sold/property-house-nsw-mosman-150278904,"https://www.realestate.com.au/sold/in-mosman,+nsw+2088/list-3",2026-09-28
S119,"3/46A Moruben Road, Mosman",Mosman,2088,Apartment,2,1,1,,2026-02-27,2030800,https://www.realestate.com.au/sold/property-apartment-nsw-mosman-150283504,"https://www.realestate.com.au/sold/in-mosman,+nsw+2088/list-3",2026-09-28
S120,"406/88 Vista Street, Mosman",Mosman,2088,Apartment,1,1,1,,2026-02-26,875000,https://www.realestate.com.au/sold/property-apartment-nsw-mosman-149994628,"https://www.realestate.com.au/sold/in-mosman,+nsw+2088/list-3",2026-09-28
